,Winner
4075,Red
189,Blue
3247,Blue
3634,Blue
2243,Blue
2837,Red
6430,Red
3925,Red
6475,Red
2894,Red
6239,Red
6370,Red
860,Red
6409,Red
241,Blue
5715,Red
2594,Red
888,Red
3102,Blue
1663,Blue
3393,Red
1665,Red
95,Blue
5819,Red
3387,Red
4823,Blue
3460,Red
4272,Blue
1956,Red
1484,Red
6674,Red
3934,Blue
404,Red
5670,Red
4899,Red
2856,Red
1136,Red
5777,Red
4927,Blue
4090,Red
74,Red
6532,Red
4252,Blue
4127,Blue
5049,Red
4372,Blue
1898,Blue
1702,Red
1326,Blue
5742,Red
4449,Red
2877,Blue
4394,Blue
1176,Red
4021,Red
3347,Red
2047,Red
3184,Blue
1621,Red
3190,Red
3630,Red
254,Red
1229,Red
4708,Red
3819,Red
1274,Blue
4440,Blue
162,Blue
219,Red
1434,Red
5631,Red
2159,Blue
6542,Red
3812,Red
1372,Red
1156,Red
2512,Blue
4493,Red
5168,Blue
2937,Red
973,Red
1402,Red
1016,Blue
3847,Red
5736,Red
2486,Blue
4624,Red
4328,Red
2980,Red
605,Blue
4976,Blue
4256,Blue
1993,Red
2156,Blue
1264,Blue
1512,Blue
5312,Red
6720,Red
3119,Red
5960,Red
3031,Red
1296,Red
4065,Red
1637,Red
1408,Blue
4990,Red
4047,Red
4818,Red
4055,Red
1861,Blue
3944,Red
3266,Red
2589,Red
5921,Red
5457,Red
2714,Blue
6624,Red
4696,Red
2221,Red
6583,Red
3659,Blue
6001,Red
1124,Red
4858,Blue
2679,Red
4136,Red
169,Blue
1291,Red
823,Blue
6607,Red
4365,Red
6120,Red
6446,Red
2803,Red
6289,Red
5552,Red
5365,Blue
2874,Blue
2836,Red
4844,Blue
5865,Red
665,Red
3873,Red
3759,Red
2888,Blue
887,Blue
2774,Red
1214,Red
4871,Red
5586,Red
3757,Blue
5400,Blue
5805,Red
2919,Red
2985,Red
5143,Red
2371,Blue
1379,Blue
3711,Blue
900,Blue
2273,Red
6659,Red
1598,Red
5325,Red
4249,Blue
391,Blue
3473,Blue
5645,Red
1469,Blue
1865,Red
596,Blue
1848,Blue
3205,Red
751,Red
6238,Red
1213,Red
626,Red
6011,Red
3954,Red
1553,Red
1840,Red
693,Blue
4758,Red
5713,Red
2515,Blue
4188,Red
6026,Red
4033,Red
2063,Blue
3877,Red
103,Blue
3973,Red
818,Red
6660,Red
4180,Red
192,Blue
4442,Red
763,Red
474,Blue
1105,Red
6670,Red
4471,Blue
2977,Blue
3556,Red
6187,Red
5974,Red
4988,Blue
1647,Red
3842,Red
4161,Blue
1413,Red
5721,Red
5992,Red
848,Red
4634,Red
232,Blue
878,Blue
3172,Red
2653,Blue
3543,Blue
3681,Red
6492,Red
5010,Blue
3615,Blue
5498,Red
1068,Red
1382,Red
2447,Red
3798,Red
4459,Red
3637,Blue
5291,Red
854,Red
38,Blue
3582,Red
5760,Red
4441,Red
2754,Red
2882,Red
1648,Red
1853,Blue
5003,Blue
1078,Blue
4401,Red
1627,Red
574,Red
811,Red
5448,Red
6041,Red
196,Red
1523,Red
373,Blue
3395,Blue
899,Red
6590,Red
4573,Blue
851,Red
2399,Blue
2807,Blue
1143,Blue
6138,Red
2601,Red
1887,Red
5152,Blue
6173,Red
5908,Red
2691,Blue
6423,Red
1343,Blue
4608,Red
3011,Blue
2233,Red
5454,Red
6602,Red
53,Red
5057,Red
5774,Red
1616,Blue
959,Blue
3530,Blue
4468,Red
5078,Red
457,Blue
4225,Blue
2568,Blue
6349,Red
6190,Red
145,Red
4956,Red
1787,Red
5696,Red
5934,Red
71,Blue
1440,Red
705,Blue
6613,Red
5726,Red
3462,Red
3373,Red
1467,Red
788,Blue
6350,Red
4007,Red
4244,Blue
1765,Blue
2840,Red
3703,Red
4793,Red
2020,Blue
372,Red
4079,Red
97,Red
6439,Red
5212,Red
6259,Red
5785,Red
272,Red
1063,Red
511,Blue
4371,Blue
4015,Blue
6638,Red
4314,Blue
5970,Red
5187,Red
2244,Blue
4868,Blue
2155,Blue
327,Red
5472,Red
6134,Red
1786,Blue
3035,Red
2684,Blue
4989,Red
3782,Red
3075,Blue
3365,Blue
4556,Blue
80,Blue
5357,Red
4046,Blue
5196,Red
3503,Red
2859,Blue
1008,Red
1850,Blue
3899,Red
260,Blue
3056,Red
3444,Red
1706,Blue
3410,Red
2768,Red
2256,Red
3237,Red
3277,Blue
2948,Red
4995,Blue
6662,Red
5182,Blue
4904,Blue
3096,Red
881,Blue
695,Red
3467,Blue
1743,Red
2098,Red
245,Red
5520,Red
3740,Red
5746,Red
3355,Blue
6053,Red
67,Blue
1414,Blue
1719,Red
6422,Red
4601,Red
43,Blue
4860,Red
2325,Red
4810,Red
153,Blue
3183,Blue
3238,Blue
3857,Red
2481,Blue
3284,Red
3951,Blue
4522,Red
6032,Red
4773,Red
6298,Red
5260,Red
3674,Red
1838,Red
4563,Red
1991,Red
1499,Red
2015,Blue
6656,Red
2030,Red
3259,Blue
3862,Blue
3658,Red
3080,Red
608,Red
3332,Blue
3073,Red
3605,Blue
500,Blue
3469,Red
1835,Red
2169,Red
1268,Red
3154,Red
173,Blue
816,Red
1034,Red
3824,Red
2966,Red
4560,Blue
4407,Red
6452,Red
269,Red
1714,Red
828,Red
3324,Red
3528,Blue
4259,Blue
1113,Blue
971,Red
4102,Red
1584,Red
2932,Blue
1183,Blue
5038,Blue
4248,Red
5892,Red
535,Blue
1148,Blue
1020,Blue
177,Red
2147,Red
2651,Blue
218,Blue
1483,Red
2957,Blue
2523,Blue
4317,Blue
4949,Red
2582,Red
931,Red
5996,Red
523,Red
6068,Red
195,Red
1908,Blue
1593,Blue
6605,Red
42,Red
5603,Red
1829,Red
1226,Red
1029,Red
5828,Red
2058,Blue
4646,Red
2085,Blue
6322,Red
6274,Red
5415,Red
753,Blue
2265,Blue
1323,Red
1089,Red
2712,Blue
4733,Blue
2188,Blue
6631,Red
4825,Red
6525,Red
3913,Blue
1590,Blue
3811,Red
6014,Red
4736,Red
561,Blue
3977,Red
4883,Red
6712,Red
6418,Red
6030,Red
2513,Red
787,Blue
5393,Red
4617,Blue
3523,Red
6437,Red
2973,Red
3442,Blue
5299,Blue
406,Blue
3929,Red
6550,Red
1964,Red
1640,Red
3931,Red
3825,Blue
6147,Red
1894,Red
5541,Red
357,Red
39,Red
1736,Red
6247,Red
1276,Red
1949,Red
1716,Red
5994,Red
3094,Red
1392,Red
6465,Red
3832,Red
1429,Red
1606,Red
6372,Red
6241,Red
6600,Red
5577,Red
5847,Red
1006,Blue
5848,Red
6535,Red
1564,Red
221,Blue
6611,Red
4553,Red
6436,Red
3753,Blue
2430,Blue
1534,Red
3445,Red
52,Red
950,Blue
3187,Blue
1319,Red
4731,Red
2067,Blue
2242,Red
4641,Red
1066,Red
2933,Red
3823,Blue
2970,Red
6029,Red
5658,Red
1257,Blue
6460,Red
2624,Red
3728,Red
1080,Blue
2439,Red
2494,Red
2488,Blue
2072,Red
3592,Blue
1023,Red
4307,Blue
4880,Blue
6061,Red
1732,Red
722,Red
4548,Red
6282,Red
465,Red
6212,Red
6334,Red
3746,Red
549,Blue
14,Red
2708,Blue
600,Red
246,Blue
1028,Red
4378,Red
5467,Red
3512,Red
5102,Blue
5856,Red
3025,Red
4255,Red
659,Red
3547,Blue
5085,Red
3922,Red
760,Blue
1897,Red
6081,Red
3201,Red
3054,Blue
625,Red
354,Blue
3452,Blue
5928,Red
5411,Blue
1770,Blue
4376,Blue
55,Red
1753,Blue
4517,Blue
5668,Red
1486,Red
3520,Blue
778,Red
1703,Red
3687,Blue
462,Red
469,Blue
2772,Red
2349,Red
624,Blue
432,Red
5582,Red
1278,Red
5538,Red
1670,Blue
2845,Red
4982,Red
2396,Red
1862,Red
894,Blue
613,Red
3628,Blue
2457,Red
2316,Red
3381,Red
4140,Red
2604,Blue
2643,Red
264,Blue
6083,Red
1721,Blue
6315,Red
4711,Blue
5238,Red
991,Blue
4638,Red
968,Red
6149,Red
1069,Red
2048,Blue
2463,Blue
4961,Red
4157,Red
6086,Red
5918,Red
3103,Blue
2886,Blue
4025,Blue
4580,Red
5677,Red
4078,Red
1699,Blue
2555,Blue
4723,Red
1171,Blue
4547,Red
5341,Red
1587,Red
6182,Red
2833,Red
3778,Red
1774,Red
937,Red
4863,Blue
3046,Blue
30,Red
847,Red
6324,Red
6245,Red
932,Blue
3339,Red
2924,Blue
6697,Red
1846,Blue
5901,Red
3257,Blue
3215,Red
4342,Blue
4382,Red
5135,Blue
2729,Red
3844,Red
5962,Red
397,Blue
822,Red
2087,Blue
656,Blue
5274,Blue
3555,Red
1350,Blue
896,Red
5684,Red
4282,Red
1473,Blue
4639,Red
6035,Red
3064,Red
3360,Red
4704,Blue
473,Red
771,Blue
6643,Red
339,Blue
958,Red
3805,Blue
5846,Red
6204,Red
5295,Blue
4290,Red
4297,Red
4657,Red
1711,Red
1058,Red
2010,Red
2438,Blue
4327,Blue
6058,Red
4986,Red
6556,Red
3755,Red
3810,Red
1901,Red
3975,Red
4443,Red
2630,Blue
5579,Red
5943,Red
4408,Blue
5674,Red
2851,Blue
1300,Red
1106,Red
4980,Blue
5372,Blue
4594,Blue
3932,Red
2418,Blue
3586,Blue
3509,Blue
2872,Blue
4564,Blue
4254,Blue
5945,Red
3141,Red
3325,Red
2554,Red
5170,Blue
599,Blue
2524,Red
6698,Red
6225,Red
5862,Red
3178,Red
5277,Red
4059,Red
1617,Red
5957,Red
1738,Red
5792,Red
6135,Red
1586,Red
3822,Red
181,Blue
3874,Blue
3926,Blue
5362,Red
4262,Blue
2059,Blue
3122,Blue
494,Blue
1805,Blue
5661,Red
1446,Blue
4577,Blue
1977,Red
2332,Blue
712,Red
4392,Red
5128,Red
3003,Red
5514,Red
4454,Red
2621,Red
6518,Red
3541,Red
743,Red
527,Blue
1263,Red
1247,Red
4670,Red
6234,Red
5734,Red
1923,Red
3895,Red
1963,Red
5398,Blue
4919,Red
4264,Red
2126,Red
616,Blue
3363,Blue
6427,Red
5088,Red
3009,Red
4278,Red
1764,Red
5708,Red
2852,Blue
21,Blue
6084,Red
6683,Red
1287,Blue
1999,Blue
3638,Red
3643,Red
5237,Blue
193,Blue
5889,Red
3416,Red
4438,Red
640,Red
5342,Red
5166,Red
5227,Red
1161,Blue
6559,Red
5080,Blue
4419,Red
6052,Red
4831,Red
5020,Blue
588,Blue
4748,Blue
6020,Red
3611,Red
6597,Red
5026,Blue
2723,Red
4595,Blue
6110,Red
5722,Red
3820,Blue
3606,Blue
5733,Red
1522,Red
3863,Red
3028,Blue
2620,Blue
1010,Blue
4478,Red
4108,Blue
6283,Red
702,Blue
4223,Red
4302,Blue
5911,Red
4415,Blue
2272,Blue
5422,Red
4395,Blue
6153,Red
547,Red
832,Red
1224,Red
5386,Blue
6390,Red
4984,Blue
4944,Blue
6251,Red
4623,Red
967,Blue
5951,Red
4509,Red
4881,Red
6680,Red
5076,Red
1130,Blue
2999,Red
1514,Red
4675,Blue
5142,Blue
3709,Red
4158,Blue
5276,Red
2670,Red
303,Red
5119,Red
727,Blue
4453,Blue
5134,Red
3110,Blue
252,Red
3480,Red
2355,Blue
2328,Blue
4195,Red
4199,Blue
324,Red
356,Blue
6541,Red
4766,Red
2472,Red
2203,Red
2590,Red
4324,Red
3597,Red
4875,Red
1608,Red
4500,Blue
1677,Blue
1595,Blue
2544,Blue
2745,Red
4796,Red
2693,Red
6581,Red
2508,Red
6520,Red
872,Blue
148,Red
2286,Red
3336,Red
6158,Red
3048,Red
415,Red
4909,Blue
4482,Red
5581,Red
1505,Red
5933,Red
4726,Blue
2208,Red
3927,Red
5605,Red
4074,Blue
3345,Red
5829,Red
4706,Red
5333,Blue
4146,Blue
719,Blue
2376,Red
2071,Blue
70,Blue
4316,Red
2495,Red
1348,Blue
2690,Red
3281,Red
1410,Red
6183,Red
4929,Blue
3708,Red
4000,Blue
2333,Red
5540,Red
6601,Red
2359,Blue
2277,Blue
4692,Red
359,Blue
2210,Blue
4483,Red
2610,Blue
5050,Blue
2813,Red
131,Blue
4322,Red
1812,Blue
1133,Blue
1341,Blue
2749,Blue
4615,Red
4495,Red
5725,Red
5824,Red
827,Red
4722,Blue
943,Blue
4846,Red
6382,Red
614,Red
4840,Red
322,Red
642,Blue
3491,Blue
3535,Red
1660,Blue
5743,Red
2226,Red
4596,Blue
5146,Red
3159,Red
6090,Red
124,Blue
1563,Blue
5045,Red
4832,Blue
3779,Blue
3455,Blue
2546,Red
807,Red
3735,Blue
3411,Blue
1009,Red
4567,Red
4681,Blue
5516,Red
5424,Red
6236,Red
655,Blue
3041,Red
3274,Red
3369,Red
628,Blue
1967,Blue
4792,Red
4374,Blue
5747,Red
1527,Red
2031,Blue
5673,Red
4890,Blue
1781,Red
2127,Red
4243,Blue
6201,Red
2841,Red
1646,Blue
5699,Red
5095,Red
6500,Red
5031,Red
3428,Red
5679,Red
5273,Red
2542,Blue
2429,Red
2647,Red
4525,Blue
3656,Blue
6269,Red
5923,Red
4368,Blue
541,Red
4426,Blue
126,Red
6481,Red
5037,Blue
2799,Blue
5641,Red
4738,Red
350,Blue
601,Blue
398,Red
5932,Red
5878,Red
59,Blue
560,Red
2553,Red
995,Red
3843,Red
871,Red
3689,Blue
1944,Blue
1597,Blue
3578,Blue
1286,Red
3476,Blue
4610,Blue
3287,Blue
843,Blue
2881,Red
6367,Red
378,Red
5127,Blue
1500,Red
2781,Red
1026,Blue
789,Red
168,Red
2054,Red
3996,Red
5700,Red
3550,Red
6227,Red
3384,Red
5339,Blue
6552,Red
2140,Red
5580,Red
3267,Red
5084,Red
2804,Red
1485,Red
3406,Red
1269,Red
5813,Red
748,Blue
1072,Blue
2613,Blue
4431,Red
98,Red
629,Red
3152,Red
5073,Blue
5284,Blue
2184,Blue
4275,Blue
2622,Red
434,Blue
481,Red
2993,Red
5458,Red
5241,Red
3211,Red
5235,Blue
4474,Red
3109,Red
2909,Red
2868,Red
1567,Red
1158,Red
3424,Red
3941,Blue
23,Red
6522,Red
691,Red
3228,Red
36,Red
3990,Red
2905,Red
2954,Red
2818,Red
4486,Blue
998,Blue
3174,Red
2311,Red
4174,Red
3584,Red
6488,Red
808,Blue
3341,Blue
6143,Red
2657,Red
6538,Red
3402,Blue
6175,Red
2297,Blue
2974,Red
4379,Red
1449,Red
3319,Blue
1461,Blue
2000,Red
3310,Red
3446,Blue
2727,Blue
4299,Blue
5262,Red
3038,Red
4931,Red
4398,Blue
1819,Red
3227,Blue
521,Blue
1521,Blue
6087,Red
1248,Red
1578,Red
2392,Blue
4041,Red
6377,Red
5015,Blue
767,Blue
2718,Red
3124,Red
3956,Blue
2041,Blue
6136,Red
6548,Red
1321,Red
2987,Red
5263,Blue
6456,Red
4330,Red
2871,Blue
204,Red
6619,Red
417,Red
5890,Red
2437,Red
584,Blue
2374,Red
5751,Red
6440,Red
6515,Red
643,Blue
3441,Red
3399,Red
4237,Red
4139,Blue
2400,Blue
4654,Red
4221,Red
2761,Blue
4585,Red
5044,Blue
335,Red
2179,Blue
32,Red
5607,Red
6438,Red
6508,Red
4777,Red
5189,Red
5018,Red
409,Blue
4165,Blue
545,Red
6609,Red
212,Blue
581,Red
5171,Blue
5173,Red
3255,Blue
2028,Blue
3013,Red
4935,Red
1432,Red
2013,Blue
2415,Red
4694,Red
518,Red
3018,Blue
5096,Red
3414,Red
1423,Blue
3848,Red
3254,Red
4653,Red
4363,Blue
47,Red
4080,Red
1417,Blue
2539,Red
1940,Red
1455,Blue
2819,Red
2414,Red
5459,Red
6157,Red
4542,Red
1415,Blue
982,Red
2397,Red
1151,Red
2293,Red
1622,Blue
3212,Blue
4614,Red
1904,Blue
1685,Red
6169,Red
3037,Blue
2064,Blue
5492,Red
2569,Blue
858,Red
107,Blue
649,Blue
4569,Blue
213,Red
3358,Red
6400,Red
586,Red
4253,Blue
2055,Blue
4589,Blue
4232,Red
4952,Red
1868,Red
1508,Red
5184,Red
5697,Red
6364,Red
912,Red
258,Red
5194,Red
3640,Red
5637,Red
6051,Red
2982,Blue
2548,Blue
1875,Blue
2128,Red
2696,Blue
5817,Red
653,Blue
6219,Red
1211,Blue
1681,Blue
5611,Red
1031,Red
2636,Blue
4381,Red
320,Blue
6167,Red
1905,Blue
4687,Red
5098,Red
5642,Red
4565,Red
6623,Red
348,Red
149,Red
5293,Blue
2902,Red
2998,Red
5841,Red
2252,Red
4781,Red
3222,Blue
3263,Red
733,Red
5101,Red
4424,Red
1325,Blue
4245,Red
2943,Red
4557,Blue
5623,Red
2419,Red
6676,Red
5649,Red
2763,Blue
3382,Red
5899,Red
4803,Blue
6419,Red
5714,Red
5864,Red
236,Red
353,Blue
3608,Blue
800,Red
1086,Red
5473,Red
5619,Red
4593,Blue
6568,Red
5253,Red
2362,Red
4767,Blue
376,Blue
6023,Red
5164,Blue
1123,Red
1697,Red
3199,Red
243,Red
4096,Red
3892,Red
2202,Blue
2791,Blue
4230,Blue
6155,Red
3318,Blue
1751,Blue
3963,Red
2154,Blue
331,Blue
2633,Red
2309,Red
2743,Blue
3286,Red
4239,Red
6252,Red
2765,Red
4742,Red
5419,Blue
3761,Red
1002,Blue
1530,Red
203,Red
5510,Red
423,Blue
4955,Red
5388,Blue
1209,Red
5110,Red
1728,Blue
6652,Red
6421,Red
4967,Red
2232,Red
3409,Blue
5902,Red
6002,Red
2254,Blue
4502,Blue
5476,Red
2490,Red
6284,Red
4689,Red
730,Red
3375,Red
5109,Red
1695,Red
3323,Blue
6560,Red
1693,Red
736,Blue
4794,Red
3644,Red
4309,Blue
1256,Red
5285,Blue
897,Red
4150,Red
1959,Red
4439,Red
6027,Red
4134,Red
4775,Red
4664,Red
1463,Red
1745,Blue
4357,Red
2549,Red
2784,Red
2612,Red
3128,Red
6352,Red
4628,Blue
3734,Red
5390,Red
4487,Red
5978,Red
1668,Blue
6694,Red
5625,Red
5788,Red
6336,Red
796,Red
5965,Red
974,Red
3457,Blue
1628,Red
2334,Blue
2850,Red
5903,Red
5963,Red
4304,Red
1877,Blue
4040,Blue
5117,Blue
1664,Blue
176,Red
5595,Red
2989,Red
1630,Blue
5874,Red
2820,Blue
5354,Blue
1790,Blue
580,Blue
5002,Red
2,Red
5860,Red
6076,Red
1784,Red
983,Red
5976,Red
1490,Blue
3933,Red
5332,Blue
4111,Blue
1720,Blue
5242,Red
4751,Red
5615,Red
226,Red
146,Blue
4701,Red
5108,Blue
4061,Red
1931,Red
3725,Red
5290,Red
3079,Red
604,Red
4943,Blue
99,Red
1437,Blue
6220,Red
4888,Red
1922,Red
689,Red
2416,Red
3591,Red
6043,Red
5425,Red
6502,Red
2517,Blue
1748,Blue
2561,Red
496,Red
2698,Blue
1752,Red
3868,Red
2452,Red
1290,Red
5938,Red
5120,Red
3858,Red
2017,Red
6356,Red
2934,Red
5051,Red
3297,Red
5966,Red
1219,Red
2190,Red
4053,Red
6082,Red
1934,Blue
5209,Red
5731,Red
992,Red
1294,Red
6117,Red
2158,Red
5808,Red
5313,Red
1228,Red
2102,Blue
309,Red
1051,Red
2876,Red
1970,Red
4699,Red
4889,Red
5157,Red
6104,Red
4170,Blue
5409,Red
1758,Blue
4354,Red
24,Red
667,Red
5919,Red
1883,Blue
4790,Red
4203,Blue
1101,Blue
5705,Red
3448,Blue
4276,Red
5756,Red
342,Red
3625,Red
792,Red
4805,Red
5583,Red
4520,Blue
1074,Red
3016,Red
3450,Blue
4128,Blue
4164,Red
1092,Blue
6705,Red
5627,Red
1041,Red
558,Blue
5562,Red
4789,Red
4258,Red
3400,Blue
5689,Red
2105,Blue
4470,Red
1090,Red
4968,Red
3885,Red
35,Red
1729,Blue
5451,Red
2373,Red
4908,Blue
4668,Red
5503,Red
5068,Blue
4332,Blue
6463,Red
2440,Blue
363,Red
2889,Blue
6513,Red
2942,Red
231,Blue
2843,Red
772,Red
2372,Blue
501,Blue
1452,Red
5470,Red
136,Red
2563,Red
1526,Blue
986,Blue
304,Red
2699,Red
3692,Red
2112,Blue
138,Red
483,Red
3296,Blue
632,Red
553,Blue
2428,Red
31,Blue
6272,Red
4361,Blue
4867,Red
3010,Red
5904,Red
1360,Blue
2580,Blue
3668,Red
1265,Red
3508,Blue
1802,Blue
6648,Red
4713,Red
3443,Blue
20,Blue
152,Red
6031,Red
470,Red
3173,Red
2253,Red
3838,Red
4402,Red
2283,Red
2835,Red
5644,Red
3809,Blue
6684,Red
3907,Red
2327,Red
6691,Red
3191,Red
2065,Red
3738,Red
5601,Red
5958,Red
746,Blue
4,Red
3415,Red
2615,Blue
4186,Blue
1431,Red
1779,Red
3751,Red
182,Blue
3216,Red
5058,Red
3516,Red
4536,Red
5226,Blue
4768,Red
2609,Red
120,Red
4318,Red
2715,Red
3433,Red
4529,Red
637,Red
6385,Red
2138,Red
2110,Blue
5053,Red
6152,Red
893,Blue
638,Red
6353,Red
4578,Blue
4425,Red
935,Blue
4603,Blue
5133,Red
3058,Red
5004,Blue
4397,Red
76,Blue
1641,Red
1733,Red
728,Blue
3155,Red
2408,Blue
2844,Blue
2136,Red
6079,Red
5762,Red
783,Blue
370,Blue
2032,Blue
3663,Red
5854,Red
3100,Red
5420,Red
2255,Red
1785,Blue
3063,Red
3483,Blue
5042,Red
3481,Red
1581,Blue
5906,Red
2728,Blue
1566,Red
6307,Red
1947,Red
4575,Red
5092,Blue
2917,Blue
5032,Red
2053,Red
5947,Red
2150,Blue
5255,Blue
1804,Blue
6642,Red
1451,Red
2417,Blue
2384,Blue
2703,Red
1565,Red
5061,Blue
1250,Blue
6464,Red
1866,Red
4218,Red
647,Blue
5612,Red
172,Red
6055,Red
1288,Red
793,Blue
6337,Red
4458,Red
3762,Red
90,Blue
1447,Blue
2655,Red
4216,Blue
3859,Red
6281,Red
3367,Blue
3034,Red
5040,Blue
1331,Red
3739,Red
3585,Red
1727,Blue
5113,Red
840,Red
5165,Red
1900,Blue
4292,Blue
786,Red
2965,Red
4488,Blue
2895,Blue
4095,Blue
2598,Blue
609,Blue
1384,Blue
251,Blue
498,Red
5665,Red
1436,Blue
5064,Red
6116,Red
5522,Red
853,Red
3394,Red
2172,Red
5650,Red
183,Red
6341,Red
1253,Red
3487,Red
3214,Blue
5794,Red
1715,Red
5349,Red
6229,Red
6074,Red
6718,Red
4667,Red
1997,Red
6000,Red
6006,Red
522,Red
6358,Red
4762,Red
141,Red
3727,Blue
2360,Blue
2755,Red
4045,Blue
5297,Blue
2498,Red
2777,Blue
1280,Red
1667,Blue
2251,Red
4169,Red
5429,Red
2131,Blue
6327,Red
5512,Red
5741,Red
2148,Blue
111,Red
2345,Blue
2130,Blue
6145,Red
4313,Blue
4480,Blue
1511,Blue
5112,Red
3217,Red
3861,Blue
6142,Red
4359,Red
5753,Red
5183,Red
3107,Blue
3179,Red
4714,Red
4856,Blue
4197,Red
1645,Red
2940,Blue
6131,Red
1536,Red
803,Red
3621,Red
3888,Red
2800,Red
1573,Blue
287,Blue
1017,Blue
19,Red
389,Red
3799,Red
2263,Red
410,Red
6168,Red
5126,Red
4705,Blue
2635,Red
5779,Red
4347,Blue
5399,Red
431,Red
4747,Red
5490,Red
4528,Red
2532,Blue
5456,Red
2516,Red
6677,Red
5626,Red
1836,Blue
6256,Red
3660,Red
838,Red
3065,Red
862,Blue
3980,Red
3449,Red
6347,Red
3705,Blue
4597,Red
3033,Blue
4933,Red
1075,Blue
4433,Red
1203,Red
3306,Red
4181,Blue
6330,Red
1235,Red
88,Red
1766,Red
4665,Blue
5617,Red
4153,Blue
874,Red
6146,Red
1698,Blue
4106,Blue
1599,Red
266,Blue
4356,Red
1039,Red
3575,Red
2689,Blue
6429,Red
3596,Red
424,Blue
4948,Red
5592,Red
6546,Red
6264,Red
1619,Blue
3889,Red
3276,Red
2043,Blue
5870,Red
756,Red
435,Blue
160,Red
4612,Blue
1373,Red
2466,Blue
2756,Blue
119,Red
2366,Blue
1763,Red
6328,Red
3126,Red
2052,Red
3120,Red
4516,Red
6707,Red
737,Red
4939,Red
6280,Red
312,Red
4142,Red
4962,Red
2533,Blue
6240,Red
1244,Blue
2672,Red
2167,Blue
3115,Blue
1844,Blue
2368,Red
85,Red
2113,Blue
3327,Blue
706,Blue
6008,Red
4339,Red
4492,Blue
6309,Red
4941,Blue
531,Blue
3653,Red
6360,Red
2435,Red
6589,Red
6188,Red
6093,Red
2118,Red
5463,Red
4124,Blue
6285,Red
2444,Red
2789,Blue
3704,Blue
5639,Red
2625,Red
4611,Red
1114,Red
93,Red
3906,Blue
5375,Red
5180,Blue
4451,Red
3650,Red
358,Blue
5370,Red
5071,Red
150,Blue
5868,Red
3783,Blue
1658,Red
2413,Red
1504,Red
567,Red
1071,Red
1045,Blue
1686,Blue
4752,Blue
3679,Red
1914,Red
5192,Blue
2422,Red
1377,Red
2124,Red
2922,Red
5215,Blue
6630,Red
1995,Red
3234,Red
6004,Red
4658,Red
6365,Red
1454,Red
3568,Blue
75,Red
1672,Red
4914,Blue
4703,Red
27,Blue
1545,Blue
1459,Red
2093,Red
3562,Red
403,Blue
300,Blue
1712,Red
3987,Blue
734,Blue
4469,Red
904,Red
6299,Red
1815,Blue
3206,Blue
6640,Red
2928,Red
836,Red
144,Blue
554,Blue
5468,Red
3219,Blue
2411,Blue
5249,Blue
248,Blue
3629,Blue
2740,Blue
29,Red
6339,Red
5727,Red
1142,Blue
78,Blue
5449,Red
1313,Blue
5283,Red
6267,Red
5309,Red
4400,Red
4355,Red
3470,Red
1492,Red
6714,Red
4083,Red
1864,Blue
3792,Red
4267,Red
6276,Red
2329,Blue
3288,Red
2626,Red
6466,Red
4799,Blue
1933,Blue
5681,Red
5576,Red
1503,Red
6402,Red
5034,Red
2026,Blue
6408,Red
6379,Red
5588,Red
988,Red
3202,Red
4985,Red
1466,Red
4428,Red
6645,Red
3817,Blue
3135,Blue
2550,Blue
1800,Red
34,Red
5478,Red
440,Red
3589,Red
1139,Red
3903,Red
5326,Red
2039,Blue
5975,Red
127,Blue
4028,Blue
5532,Red
6585,Red
3831,Red
757,Red
2303,Blue
1687,Blue
4475,Blue
1572,Blue
3331,Red
3407,Blue
6163,Red
2266,Red
2531,Blue
5132,Blue
977,Red
5776,Red
2697,Blue
5158,Red
2027,Red
4887,Blue
685,Red
4417,Red
2149,Red
2795,Blue
6303,Red
2393,Blue
4455,Red
6616,Red
3499,Red
1740,Blue
924,Blue
770,Red
1062,Red
4771,Red
2739,Red
2330,Blue
4367,Red
2629,Red
4130,Red
1869,Blue
4801,Blue
550,Blue
4951,Blue
2808,Red
5163,Red
135,Red
6494,Red
6695,Red
68,Red
6115,Red
3349,Red
2479,Blue
938,Red
2551,Red
5172,Red
5881,Red
6614,Red
6719,Red
3553,Red
5597,Red
6625,Red
4073,Blue
4534,Red
5977,Red
4852,Red
2710,Red
546,Red
671,Blue
1609,Red
4923,Blue
379,Blue
5376,Blue
5873,Red
5202,Red
4724,Red
6164,Red
2218,Blue
1945,Red
4456,Red
25,Blue
4014,Red
623,Red
6536,Red
3138,Blue
6010,Red
5832,Red
5066,Red
4176,Red
3678,Red
6250,Red
1994,Blue
6078,Red
3748,Red
4947,Blue
6150,Red
5344,Red
4798,Red
430,Red
6114,Red
2432,Blue
3461,Red
4743,Red
1611,Blue
5486,Red
6551,Red
3609,Blue
919,Blue
666,Red
5682,Red
1317,Red
2648,Red
1520,Red
26,Blue
563,Red
313,Red
6554,Red
5391,Red
337,Red
2724,Blue
2941,Blue
1037,Red
198,Blue
5981,Red
3937,Red
2433,Blue
5007,Red
5206,Red
4333,Red
1316,Red
3883,Blue
1189,Red
2434,Red
5602,Red
6009,Red
2674,Red
5233,Red
284,Blue
5462,Red
2012,Blue
6311,Red
526,Red
6519,Red
436,Red
4709,Red
556,Blue
1196,Blue
421,Red
1333,Red
1975,Red
571,Red
509,Blue
4609,Red
5103,Red
6526,Red
4538,Red
3385,Blue
3506,Red
2163,Red
466,Red
3489,Blue
3737,Red
3029,Blue
1574,Blue
5783,Red
1867,Red
4269,Red
311,Red
1937,Red
2115,Blue
4115,Blue
1205,Red
4027,Red
6588,Red
1842,Blue
5346,Blue
6193,Red
5348,Red
5067,Red
6291,Red
5469,Red
3315,Blue
644,Blue
852,Blue
1175,Red
288,Red
3156,Blue
6505,Red
4928,Blue
5022,Red
1362,Red
5995,Red
5200,Red
5306,Red
2892,Red
4850,Red
5435,Red
4804,Red
5555,Red
5436,Red
6476,Red
2177,Red
2241,Blue
6320,Red
5530,Red
4764,Red
3383,Red
879,Blue
3525,Red
1818,Red
3770,Red
711,Blue
3732,Red
3756,Red
4121,Red
2249,Red
1730,Blue
5591,Red
3366,Red
1776,Red
1797,Red
1079,Red
2547,Red
1772,Blue
6495,Red
2271,Blue
5693,Red
400,Red
2912,Red
3534,Blue
1659,Blue
3432,Blue
6587,Red
4404,Red
3429,Blue
514,Red
1154,Red
5070,Red
1396,Blue
5417,Blue
6357,Red
5599,Red
4409,Red
5094,Red
589,Blue
5879,Red
2769,Red
1652,Red
6653,Red
4416,Red
1754,Blue
779,Blue
834,Red
3067,Red
946,Red
5452,Red
508,Red
2707,Blue
1918,Red
1083,Red
4674,Blue
569,Red
583,Red
3321,Red
5203,Red
3982,Red
4917,Red
3070,Red
4749,Red
4735,Red
4633,Blue
5122,Red
2692,Red
3463,Blue
1338,Red
1717,Blue
1167,Red
5544,Red
6431,Red
1930,Red
5561,Red
4319,Blue
2496,Blue
1985,Red
3999,Blue
2125,Red
2862,Red
5844,Red
6121,Red
445,Blue
3333,Red
2935,Red
5125,Red
1353,Red
3404,Red
2171,Blue
6270,Red
4403,Red
3391,Red
3694,Red
1943,Red
2282,Blue
4934,Blue
4057,Red
2738,Blue
2197,Blue
2675,Red
1634,Red
5124,Blue
4938,Blue
5474,Red
3130,Blue
458,Red
3760,Red
5666,Red
1107,Red
2904,Red
2583,Blue
164,Blue
595,Red
3766,Red
5716,Red
6325,Red
4728,Red
4660,Red
2318,Blue
4784,Blue
137,Red
4688,Red
301,Blue
5385,Blue
4013,Blue
2480,Blue
2798,Blue
5990,Red
4635,Blue
3396,Red
4677,Blue
2469,Red
5337,Red
5275,Red
1477,Red
5672,Red
2214,Blue
2003,Red
2827,Blue
892,Red
2526,Red
1600,Blue
4745,Blue
3612,Blue
5307,Blue
4808,Blue
2617,Blue
2668,Red
2725,Red
1554,Blue
1625,Blue
5913,Red
2356,Red
6271,Red
4155,Red
4177,Red
2576,Red
1442,Blue
999,Red
6490,Red
4340,Blue
100,Blue
3908,Blue
2394,Red
2191,Blue
5208,Red
79,Blue
762,Blue
3302,Red
1870,Red
1986,Red
5782,Red
368,Blue
1208,Red
4759,Blue
184,Red
1676,Blue
133,Red
468,Red
2018,Blue
944,Blue
6398,Red
4666,Red
831,Red
84,Blue
4678,Red
5410,Red
5272,Red
5185,Red
22,Red
4464,Red
1025,Blue
1636,Blue
5043,Red
5969,Red
2786,Blue
5694,Red
3068,Blue
1164,Blue
4958,Red
6651,Red
954,Red
3408,Blue
6433,Red
4535,Red
4599,Red
1725,Red
3209,Red
1847,Blue
244,Red
2351,Red
3936,Blue
2990,Blue
5999,Red
761,Blue
3351,Blue
3329,Red
5445,Red
2075,Blue
925,Red
4132,Red
4044,Blue
790,Red
134,Red
11,Red
5651,Red
2579,Red
2441,Red
171,Blue
2484,Blue
257,Blue
5757,Red
5893,Red
903,Red
883,Blue
2865,Red
4011,Blue
2458,Blue
5809,Red
5475,Red
4182,Red
2640,Red
5636,Red
524,Blue
4265,Blue
3022,Red
4266,Red
884,Blue
352,Red
1886,Red
1127,Red
1881,Red
5035,Blue
1087,Red
1691,Red
4105,Blue
2114,Blue
4830,Blue
5558,Red
3594,Red
5366,Blue
504,Red
1173,Blue
2879,Red
4172,Red
5939,Red
1632,Red
289,Blue
1095,Blue
6066,Red
6577,Red
1682,Red
602,Blue
2379,Blue
3548,Blue
5159,Blue
4020,Blue
6561,Red
4491,Blue
2365,Blue
1267,Red
5359,Blue
6448,Red
612,Blue
1953,Red
2981,Blue
2482,Red
3330,Red
3995,Blue
4859,Blue
1391,Red
4898,Red
1694,Red
1298,Blue
5842,Red
4910,Red
3537,Blue
4843,Red
4602,Red
6534,Red
720,Red
4048,Red
3750,Blue
2491,Blue
4540,Red
1409,Blue
437,Blue
112,Red
5663,Red
1538,Blue
5250,Blue
6539,Red
4636,Red
2685,Red
4192,Red
3088,Blue
6528,Red
1310,Red
2375,Blue
3968,Blue
4081,Red
2511,Blue
6671,Red
2788,Blue
6668,Red
4645,Red
2605,Red
5738,Red
2117,Blue
5169,Blue
540,Blue
4506,Red
679,Blue
6595,Red
1119,Blue
6371,Red
2227,Red
278,Red
5720,Red
255,Red
3581,Blue
846,Blue
2459,Red
5443,Red
2134,Red
2238,Red
1336,Blue
2037,Red
3829,Blue
1798,Blue
2649,Red
6185,Red
2929,Red
619,Red
5578,Red
3557,Red
3085,Red
1356,Red
4413,Red
4001,Blue
729,Red
1138,Red
3353,Red
2104,Blue
1874,Red
3966,Red
3005,Red
3991,Red
2248,Red
1649,Red
3730,Blue
3335,Red
4279,Red
2955,Red
539,Red
4541,Red
6166,Red
2153,Red
5568,Red
4030,Blue
5905,Red
280,Red
5566,Red
1426,Red
5589,Red
4228,Red
984,Red
5356,Blue
2575,Red
2391,Red
4141,Red
4162,Red
4526,Blue
5247,Blue
4271,Blue
1938,Red
3821,Red
3784,Blue
5426,Blue
2005,Red
3087,Red
4104,Red
4066,Red
5807,Red
3106,Blue
5389,Blue
6473,Red
4566,Red
534,Red
5968,Red
3150,Blue
1807,Blue
6044,Red
3312,Blue
5320,Red
1899,Blue
5539,Red
4907,Red
947,Blue
2313,Blue
750,Red
3869,Blue
66,Red
1181,Blue
686,Red
3021,Red
426,Red
6485,Red
2592,Red
6425,Red
4224,Blue
2409,Red
58,Blue
6263,Red
4618,Red
674,Red
1778,Blue
895,Red
6278,Red
351,Red
5505,Red
338,Blue
5884,Red
225,Red
1060,Red
4795,Blue
1354,Blue
1731,Blue
6161,Red
3780,Red
777,Red
2507,Red
4481,Red
4847,Blue
1689,Red
4091,Blue
6094,Red
129,Red
6598,Red
1239,Blue
2290,Blue
1974,Red
2465,Red
5972,Red
3747,Blue
6657,Red
3134,Red
6373,Red
2600,Red
776,Red
1561,Red
2910,Blue
1220,Red
3392,Red
308,Red
3626,Red
2785,Blue
3203,Blue
4828,Red
3261,Blue
3636,Blue
3564,Blue
2720,Red
2129,Blue
537,Red
1163,Red
4707,Red
332,Blue
5207,Red
6195,Red
3502,Red
6156,Red
1796,Blue
4788,Red
3533,Red
1603,Blue
1014,Blue
1624,Red
2687,Red
4820,Red
5997,Red
3223,Blue
2897,Red
1910,Blue
2572,Red
5823,Red
4884,Red
4193,Red
650,Blue
5487,Red
1007,Blue
3208,Red
4531,Blue
2201,Blue
4352,Red
2057,Red
3567,Blue
3598,Red
4695,Blue
5319,Blue
1722,Red
2443,Blue
5798,Red
6042,Red
6162,Red
5953,Red
945,Blue
5121,Blue
3239,Red
4205,Red
1673,Red
5244,Blue
1860,Red
5791,Red
6710,Red
4097,Red
1292,Blue
6523,Red
2145,Red
3342,Blue
4672,Red
3958,Red
4038,Blue
6249,Red
3317,Blue
1212,Red
2632,Blue
4741,Red
4129,Blue
5156,Blue
2237,Red
2301,Blue
4837,Blue
5379,Red
1946,Red
5849,Red
4321,Red
6716,Red
3959,Red
2388,Red
5278,Blue
5768,Red
692,Blue
1357,Blue
4712,Red
4662,Blue
4067,Red
1969,Red
4732,Red
1351,Red
5754,Red
5840,Red
2474,Red
4062,Red
1102,Blue
759,Blue
482,Red
2331,Red
5640,Red
2174,Red
2361,Red
528,Blue
5584,Red
5087,Blue
4435,Blue
1306,Red
4031,Red
3118,Blue
2931,Red
731,Red
3946,Red
3894,Blue
955,Red
2964,Blue
4005,Red
1131,Red
5380,Blue
4064,Blue
207,Red
5526,Red
4220,Blue
2142,Blue
5321,Red
6005,Red
4383,Red
3731,Red
3015,Blue
6063,Red
1475,Red
216,Blue
4802,Blue
1559,Red
6065,Red
1218,Red
1510,Blue
1852,Red
6191,Red
5766,Red
5418,Red
5748,Red
1680,Red
5465,Red
1271,Red
4211,Red
5711,Red
4945,Blue
4029,Red
4350,Red
6565,Red
2213,Red
2141,Red
889,Red
4737,Blue
697,Blue
6332,Red
2946,Red
2757,Red
3542,Blue
6582,Red
3372,Red
5560,Red
2401,Blue
3532,Red
795,Blue
3928,Red
2776,Blue
493,Red
6003,Red
6275,Red
996,Red
5199,Red
651,Blue
696,Red
5910,Red
96,Blue
416,Red
294,Red
5300,Red
291,Blue
6675,Red
1182,Red
4994,Blue
2310,Blue
6344,Red
980,Blue
1003,Red
3595,Red
3814,Red
4574,Red
3370,Blue
4785,Red
3830,Red
443,Blue
1528,Red
2049,Red
4946,Red
890,Red
2944,Blue
5551,Red
3651,Blue
3413,Blue
2898,Red
4960,Red
6170,Red
4630,Red
6174,Red
631,Blue
3167,Red
5485,Red
6034,Red
3943,Red
5728,Red
6296,Red
3008,Blue
2744,Blue
4926,Red
6529,Red
3334,Blue
1174,Blue
543,Blue
658,Blue
5351,Red
4507,Red
3790,Blue
5801,Red
1460,Red
2380,Red
3527,Blue
2854,Red
4691,Red
717,Red
5690,Red
5405,Red
2864,Blue
5815,Red
3169,Blue
4432,Red
1926,Red
1444,Blue
3439,Blue
3242,Red
2381,Red
6266,Red
1650,Blue
3176,Red
2815,Red
2637,Blue
3145,Red
6404,Red
1879,Red
2748,Red
2176,Red
5678,Red
3236,Red
4179,Red
1217,Blue
4744,Red
1735,Blue
1339,Red
2236,Red
2097,Blue
433,Blue
6442,Red
2618,Blue
3517,Blue
1782,Blue
5802,Red
5323,Blue
2858,Red
3090,Red
185,Red
5629,Red
3864,Red
2646,Blue
5897,Red
3603,Red
775,Red
3137,Red
5240,Blue
4902,Red
4671,Blue
5787,Red
3403,Red
4504,Blue
282,Blue
6378,Red
54,Blue
510,Blue
1919,Red
4659,Red
4821,Red
1251,Blue
5254,Red
3250,Red
399,Blue
5353,Red
4605,Red
5796,Red
3270,Red
4969,Red
2165,Blue
2593,Blue
6562,Red
5680,Red
6704,Red
2753,Red
4780,Blue
4729,Red
1044,Blue
1669,Blue
2930,Red
3252,Red
5363,Red
732,Blue
6428,Red
6317,Red
1549,Blue
3275,Blue
2603,Red
5535,Red
1112,Red
3666,Blue
1653,Red
4806,Red
1047,Red
2683,Blue
3565,Red
3086,Red
250,Red
747,Red
2402,Blue
4479,Blue
3921,Red
5698,Red
4819,Blue
5221,Blue
505,Red
1035,Blue
2205,Red
1856,Blue
5310,Red
1631,Blue
3283,Blue
6447,Red
6100,Red
652,Red
2219,Blue
5494,Red
5613,Red
5054,Red
4012,Blue
6612,Red
2144,Red
4460,Red
4285,Blue
6511,Red
898,Blue
1494,Red
6540,Red
4147,Red
4975,Red
5988,Red
3911,Blue
936,Blue
1262,Blue
86,Red
4787,Blue
1332,Red
1401,Red
2222,Red
6108,Red
2456,Blue
4848,Blue
3313,Red
2101,Blue
3175,Red
5234,Blue
3654,Red
4103,Red
2326,Blue
3036,Red
2967,Blue
2831,Blue
507,Red
3856,Red
3882,Red
2348,Red
3271,Red
61,Blue
2884,Red
3715,Blue
4606,Red
5784,Red
4833,Red
6547,Red
5012,Blue
5174,Blue
2797,Red
3111,Blue
4814,Red
486,Red
1405,Blue
1889,Blue
2250,Blue
3677,Red
1215,Blue
3876,Red
6015,Red
3417,Red
2681,Blue
3123,Red
4920,Red
4550,Red
4159,Blue
40,Blue
5685,Red
6497,Red
5338,Blue
5413,Blue
956,Red
2181,Red
314,Red
3295,Red
1135,Red
4348,Blue
175,Red
4017,Red
520,Blue
5916,Red
3571,Blue
1335,Blue
3646,Red
328,Red
5885,Red
864,Blue
536,Blue
3573,Blue
6206,Red
3620,Blue
5144,Blue
4894,Red
1359,Red
1885,Red
2139,Blue
3722,Red
2959,Blue
1249,Blue
4932,Blue
4370,Red
3649,Red
3601,Red
799,Red
2986,Blue
4901,Red
1962,Red
3771,Red
5471,Red
2019,Blue
5585,Red
1791,Red
5401,Red
2619,Red
2107,Red
3507,Blue
1555,Red
4380,Red
5692,Red
5755,Red
3099,Blue
6621,Red
4921,Red
3788,Red
306,Blue
2611,Red
2240,Red
3192,Blue
1971,Red
1577,Blue
1246,Red
861,Red
1824,Blue
6629,Red
922,Red
240,Blue
215,Red
6101,Red
1830,Blue
1233,Blue
234,Red
688,Blue
2033,Red
3153,Red
4406,Red
3797,Red
1453,Red
2557,Blue
2312,Red
3289,Blue
271,Blue
1289,Red
2036,Red
1259,Blue
4765,Red
6644,Red
1059,Red
603,Red
6088,Red
1468,Blue
4143,Red
2460,Blue
1103,Blue
564,Blue
815,Red
3904,Blue
3511,Blue
3166,Red
3998,Red
3479,Red
4568,Blue
6213,Red
1033,Red
3801,Red
4963,Red
6351,Red
4892,Blue
5575,Red
4924,Red
1055,Red
2473,Blue
3729,Red
3290,Blue
758,Blue
2975,Blue
2963,Red
3447,Blue
418,Red
3050,Red
5652,Red
2308,Red
3786,Blue
17,Blue
1141,Blue
130,Red
347,Blue
1678,Blue
2842,Red
65,Red
4210,Red
6230,Red
865,Blue
2319,Red
3515,Blue
4351,Red
5920,Red
2261,Blue
1642,Blue
3815,Blue
5077,Red
2659,Blue
1099,Red
5368,Blue
4570,Red
5464,Red
1576,Red
806,Red
2475,Red
5107,Blue
1005,Red
2950,Red
2736,Blue
1297,Red
2021,Blue
3104,Red
2066,Blue
4310,Red
2899,Blue
6313,Red
4414,Blue
2492,Blue
2741,Blue
2908,Red
5243,Red
4109,Blue
3664,Blue
5554,Red
5437,Blue
2099,Red
3051,Blue
752,Blue
611,Blue
2405,Red
6395,Red
5616,Red
6176,Red
165,Red
4964,Blue
2923,Red
2682,Red
2816,Blue
2541,Blue
835,Blue
882,Red
4294,Red
3350,Red
2209,Red
1318,Red
5402,Blue
1613,Red
2046,Red
740,Red
5302,Red
3807,Red
323,Blue
3676,Blue
5407,Red
3772,Red
205,Red
4586,Red
6310,Red
1579,Blue
2455,Red
4866,Blue
5115,Blue
4809,Red
5213,Red
5178,Blue
3294,Red
3001,Red
6071,Red
3641,Red
1364,Blue
2004,Blue
2092,Red
464,Blue
6506,Red
2279,Blue
2424,Red
3248,Blue
5373,Red
1419,Red
6343,Red
5574,Red
6290,Red
4388,Red
5513,Red
1857,Red
2083,Blue
4360,Blue
321,Red
1768,Red
5761,Red
2014,Red
3860,Red
4746,Blue
344,Blue
4782,Red
4651,Red
866,Red
310,Red
2671,Red
2731,Blue
2192,Red
1583,Blue
4436,Red
3244,Red
4537,Red
8,Red
1592,Blue
4661,Blue
1172,Red
2866,Blue
3465,Red
6286,Red
716,Red
5912,Red
1282,Red
3849,Red
2878,Red
6160,Red
5138,Blue
5818,Red
5851,Red
1036,Red
3915,Red
4629,Red
4238,Blue
6126,Red
6599,Red
5687,Red
5882,Red
1688,Red
4117,Red
821,Red
200,Red
490,Blue
994,Red
5654,Red
3000,Red
1513,Blue
4912,Red
744,Red
3652,Blue
1279,Red
1082,Red
6516,Red
6721,Red
5224,Red
1713,Blue
5946,Red
2338,Red
2525,Red
5491,Red
4173,Blue
6478,Red
2656,Red
5883,Red
2200,Red
4235,Red
5750,Red
4632,Blue
1067,Red
5239,Blue
5827,Red
5056,Blue
4118,Red
273,Red
4979,Red
4016,Blue
6196,Red
1803,Blue
3580,Blue
3083,Blue
3040,Red
157,Blue
2161,Red
4434,Red
4405,Red
4813,Red
2571,Red
1443,Blue
383,Red
4288,Red
1411,Blue
6067,Red
2137,Red
4043,Blue
856,Blue
6199,Red
4366,Red
1021,Blue
5926,Red
2023,Blue
802,Blue
4822,Blue
1465,Red
841,Red
4942,Red
4200,Red
2426,Blue
5557,Red
2068,Blue
3158,Blue
5703,Red
4389,Blue
1696,Blue
2061,Red
6039,Red
6462,Red
3133,Red
1293,Red
2383,Red
5460,Red
3896,Blue
2920,Red
3950,Red
1775,Red
844,Red
6038,Red
6295,Red
3182,Blue
4579,Blue
5384,Red
3816,Blue
1635,Blue
4878,Blue
4098,Red
4720,Blue
6622,Red
2091,Red
3371,Blue
6214,Red
1481,Red
4461,Blue
5245,Blue
2979,Blue
6468,Red
2198,Blue
4757,Blue
3092,Red
5767,Red
3552,Red
2170,Red
2522,Red
4412,Red
4530,Red
2016,Red
4807,Red
2090,Blue
3981,Blue
2322,Blue
5069,Blue
2225,Blue
2350,Blue
6544,Red
1533,Red
1295,Blue
907,Red
5843,Red
1655,Red
3540,Blue
2717,Red
1242,Blue
3914,Blue
2658,Red
4582,Red
1177,Red
5211,Red
64,Red
4879,Blue
5140,Red
6399,Red
3338,Blue
2510,Blue
2378,Red
3758,Red
1241,Red
187,Red
4839,Red
1929,Red
1902,Red
873,Red
3352,Red
859,Blue
1780,Red
2123,Red
707,Blue
4450,Red
4974,Blue
2108,Red
1540,Red
5175,Blue
3132,Blue
4776,Blue
2314,Red
3698,Red
648,Red
2076,Red
2528,Red
2502,Blue
875,Red
5082,Red
117,Red
4116,Red
809,Red
6416,Red
597,Red
2173,Blue
1084,Blue
6567,Red
1330,Blue
1960,Red
3940,Red
5216,Red
5091,Red
4207,Red
4555,Red
670,Blue
5797,Red
2189,Blue
3453,Red
2925,Blue
5866,Red
3683,Blue
6451,Red
544,Red
1368,Red
4489,Blue
156,Blue
5987,Red
4004,Blue
108,Blue
5479,Red
2663,Red
4229,Blue
4937,Blue
6457,Red
2599,Blue
1749,Blue
2431,Red
3938,Blue
5859,Red
1193,Red
50,Blue
2863,Blue
3852,Red
6711,Red
1816,Red
5105,Blue
4119,Red
3773,Red
5052,Red
5167,Red
2281,Red
4827,Red
5480,Red
5752,Red
5296,Red
2427,Red
4364,Blue
810,Red
1981,Red
4429,Red
577,Blue
6047,Red
4331,Blue
3458,Red
2186,Red
3680,Blue
3143,Red
5531,Red
855,Blue
4950,Red
69,Blue
5060,Red
1307,Red
3886,Red
5508,Red
6018,Red
3942,Red
5719,Red
6062,Red
3300,Blue
5501,Red
4026,Red
4918,Red
4686,Red
4637,Red
5222,Blue
930,Blue
2994,Red
6477,Red
4448,Red
401,Red
5806,Red
2695,Blue
5191,Red
3796,Red
1456,Red
6305,Red
3627,Red
1140,Red
2178,Blue
6124,Red
3311,Blue
1100,Blue
4604,Blue
2267,Red
635,Blue
375,Red
1497,Red
2893,Blue
105,Red
1187,Red
5659,Red
4462,Red
4385,Blue
1845,Red
1201,Red
2007,Blue
3185,Red
1810,Blue
2926,Red
122,Blue
1972,Red
302,Red
2847,Blue
295,Blue
1556,Blue
3495,Red
2358,Red
128,Red
5759,Red
4558,Red
4344,Blue
5024,Blue
4126,Red
2270,Red
6406,Red
6133,Red
101,Red
4972,Red
201,Blue
513,Blue
4120,Blue
5499,Red
5744,Red
1961,Red
5648,Red
5740,Red
1157,Red
1662,Blue
45,Blue
3785,Blue
3389,Red
2151,Blue
5416,Red
6226,Red
1817,Blue
3828,Blue
610,Red
1692,Red
3304,Blue
5016,Red
2596,Red
2224,Red
6361,Red
3273,Red
4390,Red
2353,Blue
4125,Red
1777,Red
6297,Red
492,Blue
3613,Blue
4473,Blue
6563,Red
3566,Blue
4396,Blue
2084,Blue
2628,Red
565,Red
484,Blue
6119,Red
3690,Red
163,Blue
1952,Red
6715,Red
2412,Red
6608,Red
4992,Red
3924,Red
170,Blue
5188,Blue
5423,Red
3744,Blue
5396,Blue
3280,Red
4484,Red
6279,Red
1040,Red
1064,Blue
2264,Blue
3060,Blue
3224,Red
6186,Red
2711,Blue
4019,Blue
5145,Red
2228,Red
2450,Red
4702,Blue
12,Red
1186,Red
4437,Blue
6287,Red
5149,Blue
598,Red
6634,Red
4113,Blue
3151,Blue
3726,Red
5496,Red
3841,Blue
4300,Blue
1301,Red
4338,Blue
3148,Red
4457,Red
1585,Blue
4163,Red
4152,Red
3743,Blue
1983,Red
6658,Red
5204,Blue
3524,Blue
5820,Red
1474,Blue
3736,Blue
343,Red
2880,Red
6449,Red
2025,Blue
6493,Red
239,Red
497,Blue
6105,Red
1657,Red
6575,Red
5005,Red
2343,Blue
1096,Red
797,Blue
4800,Red
3272,Red
4281,Red
5891,Red
5536,Red
3419,Red
4325,Blue
5537,Red
5837,Red
2403,Red
2038,Blue
1769,Red
1515,Red
4477,Red
5427,Red
4838,Blue
5676,Red
2666,Blue
4496,Red
914,Red
369,Blue
699,Blue
3171,Blue
4616,Blue
5961,Red
6255,Red
1412,Blue
1878,Blue
4049,Red
210,Blue
4750,Blue
1822,Blue
3791,Red
1639,Blue
6443,Red
4680,Red
263,Red
6257,Red
199,Blue
3246,Red
242,Red
5686,Red
1638,Blue
993,Red
3258,Blue
1832,Red
1104,Blue
1337,Red
4024,Red
2385,Red
5408,Red
4842,Red
5863,Red
3918,Red
3733,Red
6288,Red
5739,Red
475,Blue
1987,Red
2295,Blue
4524,Blue
765,Red
3610,Red
109,Red
336,Red
2961,Blue
3875,Blue
1458,Blue
116,Blue
4761,Red
2890,Red
2485,Blue
1990,Blue
307,Red
158,Red
3714,Red
1989,Blue
4513,Red
6381,Red
4546,Blue
4916,Blue
2448,Red
4039,Red
118,Blue
6555,Red
325,Blue
4755,Red
1179,Red
407,Red
224,Blue
2997,Blue
6262,Red
6549,Red
1476,Blue
6300,Red
2734,Red
333,Blue
5621,Red
2317,Red
2320,Blue
6499,Red
1053,Red
4084,Blue
3361,Blue
4519,Red
4032,Blue
5197,Red
6474,Red
5876,Red
976,Red
2705,Blue
590,Red
4647,Red
837,Red
592,Red
3477,Red
4418,Red
2793,Red
3078,Blue
738,Red
4925,Red
1654,Red
3164,Red
427,Blue
4663,Red
2952,Red
5758,Red
1704,Red
6708,Red
3671,Blue
4384,Red
2262,Red
3017,Blue
2752,Blue
1388,Red
1615,Red
2152,Red
933,Blue
4730,Blue
6045,Red
3101,Red
3701,Red
4857,Red
6072,Red
2451,Red
3243,Red
3669,Red
4185,Red
5610,Red
2574,Blue
5635,Red
4023,Blue
6092,Red
5600,Red
1794,Red
1809,Red
3587,Red
4682,Blue
6503,Red
3964,Red
5816,Red
13,Red
6333,Red
3803,Blue
2070,Blue
4308,Red
2805,Red
6411,Red
4209,Red
4089,Blue
713,Blue
1954,Blue
1327,Blue
5371,Blue
5573,Red
5745,Red
1825,Blue
6537,Red
5270,Blue
3131,Red
6646,Red
1671,Blue
3763,Red
709,Blue
3795,Blue
4643,Blue
4467,Blue
4510,Blue
4393,Blue
452,Red
5609,Red
1230,Blue
6620,Red
6663,Red
3014,Red
5430,Red
5556,Red
3865,Blue
4716,Blue
6514,Red
5294,Red
4619,Red
2846,Red
1381,Blue
4973,Blue
1498,Blue
6102,Red
5335,Blue
3420,Red
4532,Red
5118,Blue
6314,Red
1019,Blue
3905,Blue
2809,Red
4725,Blue
1056,Red
4998,Blue
4626,Red
367,Red
3781,Red
6140,Red
1907,Red
5701,Red
5303,Blue
2296,Red
5195,Blue
3221,Red
5484,Red
673,Blue
5315,Blue
780,Red
2369,Blue
1827,Red
1275,Red
3057,Blue
3513,Blue
5735,Red
414,Red
3093,Red
2089,Blue
2260,Blue
739,Blue
2088,Blue
5136,Red
3241,Blue
3474,Blue
5308,Red
2565,Blue
2956,Blue
3218,Red
6702,Red
1757,Red
2034,Red
6401,Red
3632,Blue
6059,Red
5861,Red
6667,Red
5036,Red
2883,Red
3002,Blue
360,Red
3667,Red
1958,Blue
3561,Blue
562,Blue
824,Blue
1223,Blue
5317,Blue
2289,Red
3188,Blue
1222,Red
5205,Red
5973,Red
2215,Blue
3114,Red
1471,Blue
491,Red
3505,Red
6636,Red
5795,Red
3935,Blue
5789,Red
5533,Red
2806,Blue
4189,Red
2812,Red
5730,Red
467,Red
2796,Blue
2069,Blue
4621,Blue
1011,Red
6331,Red
113,Blue
700,Red
5358,Blue
869,Red
5008,Red
6179,Red
4693,Red
6685,Red
3794,Blue
3880,Blue
3471,Red
607,Red
5548,Red
4812,Red
3776,Blue
2206,Red
953,Red
364,Red
2370,Blue
3619,Blue
3412,Blue
2742,Blue
361,Red
515,Blue
3682,Red
5279,Red
3717,Red
5219,Red
5831,Red
2947,Red
2246,Blue
1955,Blue
1478,Red
315,Blue
463,Blue
921,Blue
794,Red
1762,Red
2194,Blue
4194,Red
4349,Blue
6323,Red
191,Red
5534,Red
1666,Blue
964,Red
1489,Red
6329,Red
3482,Red
2641,Red
2538,Red
5493,Red
5377,Red
4740,Blue
4145,Red
3893,Red
1529,Red
5131,Blue
575,Red
3299,Red
2978,Blue
5316,Red
6596,Red
81,Red
2586,Blue
1192,Blue
3900,Red
1168,Blue
3472,Red
4336,Blue
37,Blue
1571,Blue
3804,Red
1683,Blue
5089,Red
5414,Red
5271,Blue
0,Blue
825,Blue
1197,Blue
621,Red
725,Blue
6593,Red
5432,Blue
6435,Red
4421,Red
1098,Red
634,Blue
3745,Red
2639,Blue
1880,Red
461,Blue
265,Blue
3423,Red
585,Red
5900,Red
1618,Blue
6151,Red
6389,Red
2901,Red
3992,Red
3170,Blue
2787,Red
2157,Red
1120,Blue
4123,Blue
3279,Blue
6410,Red
2294,Red
1924,Blue
1936,Blue
1195,Blue
110,Red
6615,Red
3292,Blue
2735,Red
2704,Red
3012,Blue
5907,Red
1843,Red
5647,Red
5466,Red
63,Blue
923,Blue
1799,Blue
6037,Red
326,Blue
6420,Red
4056,Blue
1876,Blue
4673,Red
1091,Red
5155,Blue
2199,Blue
4133,Red
5000,Blue
2461,Red
2467,Blue
3618,Blue
1859,Red
5289,Blue
5039,Blue
4476,Red
4009,Red
1707,Red
3121,Blue
6130,Red
5737,Red
5252,Blue
253,Blue
453,Red
4447,Red
1614,Blue
3307,Blue
2302,Blue
870,Blue
5251,Red
5336,Red
5875,Red
349,Blue
2011,Blue
1073,Blue
1644,Blue
4337,Blue
5967,Red
5830,Red
2794,Blue
4873,Blue
147,Red
542,Blue
1144,Blue
839,Blue
441,Red
2514,Red
3647,Red
4922,Red
2887,Blue
1620,Red
3884,Red
6391,Red
3434,Red
6056,Red
677,Blue
3718,Blue
5193,Red
5571,Red
6517,Red
6469,Red
4274,Blue
1202,Red
340,Blue
814,Red
908,Blue
6057,Red
2445,Red
3898,Red
5343,Red
4685,Blue
1145,Red
4222,Blue
217,Red
4291,Red
678,Red
2762,Blue
3752,Red
1542,Red
5706,Red
1329,Blue
1710,Red
1601,Red
6103,Red
5330,Red
6459,Red
1378,Red
4876,Red
1221,Blue
2337,Red
5258,Blue
3983,Red
2029,Blue
1200,Red
6368,Red
4627,Red
1283,Red
5998,Red
2211,Red
2938,Blue
3974,Red
3617,Blue
6127,Red
5220,Red
3985,Red
2168,Blue
1302,Blue
1270,Red
4386,Blue
5839,Red
390,Blue
5940,Red
6686,Red
2716,Red
4864,Blue
3456,Blue
2230,Red
2870,Red
44,Blue
1366,Blue
1170,Red
942,Red
3142,Blue
6682,Red
4620,Red
298,Red
1166,Blue
3256,Red
2336,Red
6293,Red
3789,Red
1367,Red
3569,Blue
533,Red
2119,Red
4930,Blue
1482,Red
3451,Blue
1588,Red
1700,Blue
2022,Blue
5895,Red
5350,Red
5729,Red
4215,Red
274,Red
1957,Red
1792,Red
4087,Blue
849,Blue
5160,Red
1418,Red
5268,Red
4082,Red
1077,Blue
1303,Red
768,Blue
5567,Red
4836,Red
1146,Red
4987,Blue
2001,Red
3160,Red
6362,Red
2988,Blue
5772,Red
2529,Red
6022,Red
208,Red
1783,Blue
2585,Red
1506,Red
5259,Red
1992,Blue
3887,Blue
1932,Blue
5324,Red
1374,Red
5298,Red
4466,Red
3454,Red
1450,Red
1022,Blue
6326,Red
4423,Blue
963,Blue
3713,Blue
139,Blue
3558,Red
4896,Red
3879,Red
6458,Red
459,Blue
5622,Red
4094,Red
1285,Blue
2160,Blue
4791,Blue
2686,Red
2175,Blue
3459,Red
4427,Red
2766,Red
4341,Red
3867,Blue
4511,Blue
3418,Red
3546,Blue
5083,Red
5521,Red
1966,Blue
568,Blue
4148,Red
2535,Red
4093,Blue
6688,Red
2839,Red
3379,Red
1188,Blue
5634,Red
3052,Blue
4283,Blue
6647,Red
2584,Blue
1261,Red
4100,Blue
4869,Blue
681,Red
5624,Red
3837,Red
6504,Red
1518,Blue
570,Blue
1109,Red
2180,Blue
4037,Red
6040,Red
5871,Red
4655,Red
4877,Red
3285,Blue
2454,Blue
5917,Red
3721,Red
154,Red
2446,Red
425,Red
2045,Blue
4959,Blue
1121,Red
5181,Red
386,Blue
2694,Blue
4315,Blue
5477,Red
3435,Blue
2638,Red
6641,Red
3059,Blue
1724,Red
4783,Blue
785,Red
3673,Red
4175,Blue
1046,Red
4940,Blue
2732,Blue
2559,Red
3590,Red
961,Red
2518,Red
2810,Red
1582,Red
6666,Red
3642,Blue
2823,Red
6374,Red
1355,Red
3897,Red
237,Red
1718,Blue
5059,Blue
1726,Blue
3607,Red
3997,Red
5104,Red
1705,Red
1872,Red
6098,Red
2558,Blue
989,Red
6487,Red
1225,Blue
867,Red
3354,Blue
4786,Red
5925,Red
1324,Red
5833,Red
532,Blue
6198,Red
3030,Red
902,Red
5524,Red
704,Red
3436,Blue
6107,Red
3846,Blue
6617,Red
3531,Red
5553,Red
3710,Blue
3850,Red
230,Blue
6507,Red
180,Red
1070,Blue
5519,Red
5527,Red
33,Red
2875,Red
318,Red
4002,Red
4816,Blue
901,Red
2817,Blue
6012,Red
4957,Red
2552,Blue
5428,Red
190,Blue
3308,Red
985,Red
4353,Blue
2567,Red
4829,Red
5604,Red
1232,Blue
1206,Red
5439,Red
1238,Blue
450,Red
6033,Red
4815,Blue
3514,Red
2223,Blue
3314,Blue
3081,Red
5322,Blue
850,Red
1328,Red
4137,Blue
3519,Red
1562,Red
1,Red
4514,Red
1742,Blue
3588,Blue
2315,Blue
3696,Red
1863,Blue
6216,Red
3398,Red
813,Red
5771,Red
5814,Red
4311,Blue
6693,Red
2133,Blue
1928,Red
186,Red
1771,Blue
2275,Red
4886,Blue
5949,Red
214,Blue
698,Red
5821,Red
5440,Red
4734,Blue
5590,Red
6722,Red
2120,Red
2775,Blue
6342,Red
4293,Red
5596,Red
4683,Blue
4273,Red
1255,Red
412,Red
5369,Blue
5786,Red
5017,Red
5993,Red
5201,Red
2122,Red
3020,Red
552,Red
5014,Red
5618,Red
572,Red
4718,Red
4295,Red
3362,Red
6524,Red
6112,Red
2288,Red
5855,Red
1389,Red
1744,Blue
6217,Red
3438,Red
3437,Red
5633,Red
2421,Red
1834,Red
3818,Red
6480,Red
1916,Blue
1820,Red
3631,Blue
3691,Red
4690,Blue
4571,Blue
3490,Red
5150,Red
5287,Red
281,Blue
916,Blue
2751,Red
2304,Red
345,Red
5340,Blue
3960,Blue
3161,Red
2758,Blue
6531,Red
2792,Red
3293,Red
2395,Red
618,Red
6566,Red
5810,Red
1422,Red
3235,Red
2520,Red
4895,Red
3976,Red
4656,Red
4676,Red
5669,Red
6403,Red
4862,Blue
6099,Red
4490,Red
4865,Red
125,Red
4583,Blue
2487,Red
2387,Red
3116,Red
2951,Blue
3510,Blue
3919,Red
1517,Red
4551,Red
6484,Red
5280,Blue
620,Red
5704,Red
4345,Red
578,Red
5063,Blue
3098,Blue
3194,Red
6312,Red
657,Blue
2506,Red
3055,Red
3074,Red
3768,Red
5549,Red
1277,Blue
3198,Blue
1935,Red
3878,Red
5228,Blue
5179,Red
6304,Red
3162,Red
5653,Red
6584,Red
1273,Blue
4778,Red
2050,Blue
2767,Blue
1679,Red
1137,Blue
330,Red
4270,Blue
472,Red
2499,Blue
6165,Red
6678,Red
2080,Blue
1948,Red
6137,Red
2404,Red
5304,Red
3754,Blue
438,Red
3518,Red
4562,Blue
5482,Red
5515,Red
2832,Red
4138,Red
270,Blue
4501,Blue
4769,Blue
820,Blue
690,Blue
3464,Blue
2292,Red
4977,Red
6450,Red
5264,Red
4068,Red
3195,Blue
2913,Red
3117,Blue
6692,Red
3723,Blue
4422,Blue
5547,Red
4622,Blue
1438,Blue
4841,Red
1537,Blue
428,Red
6261,Red
5442,Red
1013,Blue
3948,Blue
2921,Blue
5922,Red
978,Red
3834,Blue
4753,Blue
2094,Red
3278,Blue
6154,Red
6260,Red
6258,Red
3180,Blue
1535,Red
4178,Blue
2196,Blue
6177,Red
3095,Blue
6265,Red
5853,Red
6222,Red
6096,Red
3269,Red
106,Red
227,Red
6060,Red
3971,Blue
6573,Red
1855,Red
3662,Blue
1237,Red
5074,Red
4518,Red
6013,Red
2024,Blue
5246,Blue
4872,Blue
6316,Red
5397,Blue
2193,Blue
6064,Red
1968,Red
2291,Red
4187,Blue
3076,Red
2825,Blue
1912,Red
2614,Red
1737,Red
6075,Red
2323,Red
1397,Red
1308,Red
683,Red
6628,Red
979,Red
4911,Red
1548,Red
2346,Red
5845,Red
5569,Red
1358,Red
1004,Red
1027,Blue
206,Blue
3793,Blue
1501,Blue
1837,Red
456,Red
381,Red
2770,Red
2984,Red
591,Blue
928,Red
4286,Red
3440,Red
2939,Blue
5695,Red
3521,Red
77,Blue
6210,Red
1162,Blue
6491,Red
4251,Red
1828,Blue
4217,Red
6273,Red
926,Red
1081,Red
6016,Red
3149,Blue
2790,Red
5123,Red
4498,Red
2505,Red
5546,Red
969,Blue
5929,Red
1524,Blue
4099,Blue
2051,Red
5980,Red
4523,Red
5691,Red
5231,Red
6123,Red
710,Red
2321,Blue
6672,Red
990,Red
3693,Blue
2802,Blue
2229,Red
2996,Red
1602,Red
5643,Red
6383,Red
5723,Red
3478,Red
1761,Blue
4077,Red
4284,Blue
4499,Red
2995,Blue
3554,Red
927,Blue
2915,Red
948,Red
1184,Red
1858,Red
6139,Red
4576,Red
5707,Red
3539,Red
3661,Blue
3097,Red
3364,Red
6689,Red
4465,Red
1048,Blue
2801,Blue
6070,Red
1052,Red
5638,Red
5033,Red
4631,Red
4054,Red
4069,Red
3686,Red
3427,Red
5421,Red
2231,Red
499,Red
6338,Red
1430,Blue
3163,Blue
2382,Red
2848,Blue
3545,Red
4198,Blue
82,Red
5504,Red
962,Red
2339,Red
6335,Red
3193,Blue
1159,Red
4698,Red
6696,Red
3253,Red
3672,Red
4754,Blue
259,Red
3043,Red
5111,Red
1424,Blue
4201,Red
2204,Blue
1428,Blue
72,Blue
5655,Red
3105,Red
6292,Red
3066,Red
5620,Red
1160,Red
833,Red
1684,Red
2239,Red
5662,Red
1633,Blue
4018,Red
1305,Red
2778,Red
395,Red
2726,Blue
408,Red
2873,Blue
5361,Blue
488,Blue
2035,Blue
476,Red
3854,Red
2462,Blue
5509,Red
1038,Red
3426,Red
6384,Red
2234,Blue
4287,Blue
622,Blue
5781,Red
4035,Red
495,Red
1462,Red
6231,Red
1243,Blue
62,Red
1793,Red
5656,Red
682,Red
5935,Red
1118,Blue
1690,Blue
1893,Red
3633,Blue
6467,Red
913,Red
2634,Red
2132,Red
6129,Red
1984,Red
579,Red
4387,Red
1568,Red
5614,Red
6701,Red
5006,Red
917,Red
3501,Red
1015,Blue
4306,Red
4861,Blue
1254,Red
5671,Red
1340,Red
5710,Red
3622,Red
1281,Red
2040,Red
4552,Blue
5749,Red
6654,Red
2306,Red
4779,Red
1369,Red
4006,Red
5909,Red
4824,Red
3049,Blue
1491,Blue
1457,Blue
1596,Blue
1911,Red
6483,Red
2298,Blue
6543,Red
115,Blue
906,Red
6579,Red
5667,Red
6661,Red
3356,Red
905,Blue
2602,Blue
4855,Red
4600,Red
3989,Red
3291,Blue
4160,Red
5850,Red
2869,Blue
6089,Red
5880,Red
4135,Blue
5256,Red
754,Blue
6576,Red
2953,Red
5822,Red
3337,Blue
4727,Red
87,Red
1756,Red
1194,Red
2285,Blue
2587,Blue
6348,Red
661,Red
1024,Blue
60,Blue
755,Blue
3702,Blue
6178,Red
3348,Red
5630,Red
1884,Red
334,Red
4346,Red
5257,Blue
3657,Blue
2268,Red
4811,Red
5062,Red
2363,Blue
1234,Red
5488,Red
1487,Red
3742,Blue
6386,Red
6036,Red
5444,Red
830,Blue
261,Red
4343,Blue
5090,Blue
296,Red
2183,Blue
5072,Red
3488,Blue
5572,Red
4853,Red
3177,Red
3316,Red
4003,Blue
4834,Red
3374,Red
5360,Red
1516,Blue
6580,Red
1012,Red
6254,Red
4572,Red
5489,Red
6703,Red
5937,Red
6639,Red
4326,Blue
5447,Red
2081,Red
512,Blue
826,Blue
1375,Blue
6194,Red
5116,Blue
3965,Red
5688,Red
1245,Blue
4679,Blue
6434,Red
891,Red
5395,Blue
2861,Red
6375,Red
1386,Red
5765,Red
6664,Red
1976,Red
3039,Red
5450,Red
2121,Blue
2453,Blue
3492,Blue
5834,Red
6665,Red
1903,Red
3494,Red
3881,Blue
5803,Red
6454,Red
3326,Blue
1612,Blue
2162,Red
49,Blue
940,Blue
1519,Red
745,Red
5587,Red
6109,Red
3186,Blue
3225,Blue
6050,Red
723,Red
3765,Red
3378,Blue
1674,Blue
355,Red
1760,Blue
2534,Red
3251,Blue
3993,Blue
